{"branches": 2.464788732394366, "coverage": 4.405940594059405}